Name,Slug,Collection ID,Item ID,Archived,Draft,Created On,Updated On,Published On,Image
Brush 01,brush-1,65c28f6b17c6d6d0d042a424,65c28f6b17c6d6d0d042b2ac,false,false,Thu Dec 14 2023 22:12:12 GMT+0000 (Coordinated Universal Time),Thu Dec 14 2023 22:22:49 GMT+0000 (Coordinated Universal Time),Tue Nov 05 2024 00:01:07 GMT+0000 (Coordinated Universal Time),https://uploads-ssl.webflow.com/5acfc48421e7a66153389c5f/657b7dae216a04ce2c51ff54_brush-line-1.png
Brush 10,brush-10,65c28f6b17c6d6d0d042a424,65c28f6b17c6d6d0d042b2b6,false,false,Thu Dec 14 2023 22:14:59 GMT+0000 (Coordinated Universal Time),Thu Dec 14 2023 22:14:59 GMT+0000 (Coordinated Universal Time),Tue Nov 05 2024 00:01:07 GMT+0000 (Coordinated Universal Time),https://uploads-ssl.webflow.com/5acfc48421e7a66153389c5f/657b7e61ad9a19d77bf0b3d9_brush-line-10.png
Brush 11,brush-11,65c28f6b17c6d6d0d042a424,65c28f6b17c6d6d0d042b2b7,false,false,Thu Dec 14 2023 22:15:17 GMT+0000 (Coordinated Universal Time),Thu Dec 14 2023 22:15:17 GMT+0000 (Coordinated Universal Time),Tue Nov 05 2024 00:01:07 GMT+0000 (Coordinated Universal Time),https://uploads-ssl.webflow.com/5acfc48421e7a66153389c5f/657b7e739a5154e5ab32a671_brush-line-11.png
Brush 12,brush-12,65c28f6b17c6d6d0d042a424,65c28f6b17c6d6d0d042b2b8,false,false,Thu Dec 14 2023 22:15:40 GMT+0000 (Coordinated Universal Time),Thu Dec 14 2023 22:15:40 GMT+0000 (Coordinated Universal Time),Tue Nov 05 2024 00:01:07 GMT+0000 (Coordinated Universal Time),https://uploads-ssl.webflow.com/5acfc48421e7a66153389c5f/657b7e898572f2d5b5eaac2a_brush-line-12.png
Brush 13,brush-13,65c28f6b17c6d6d0d042a424,65c28f6b17c6d6d0d042b2b9,false,false,Thu Dec 14 2023 22:15:55 GMT+0000 (Coordinated Universal Time),Thu Dec 14 2023 22:15:55 GMT+0000 (Coordinated Universal Time),Tue Nov 05 2024 00:01:07 GMT+0000 (Coordinated Universal Time),https://uploads-ssl.webflow.com/5acfc48421e7a66153389c5f/657b7e99188b88536d8c21ce_brush-line-13.png
Brush 14,brush-14,65c28f6b17c6d6d0d042a424,65c28f6b17c6d6d0d042b2ba,false,false,Thu Dec 14 2023 22:16:07 GMT+0000 (Coordinated Universal Time),Thu Dec 14 2023 22:16:07 GMT+0000 (Coordinated Universal Time),Tue Nov 05 2024 00:01:07 GMT+0000 (Coordinated Universal Time),https://uploads-ssl.webflow.com/5acfc48421e7a66153389c5f/657b7ea5f3e4d00f9cd6cfdf_brush-line-14.png
Brush 15,brush-15,65c28f6b17c6d6d0d042a424,65c28f6b17c6d6d0d042b2bb,false,false,Thu Dec 14 2023 22:16:22 GMT+0000 (Coordinated Universal Time),Thu Dec 14 2023 22:16:22 GMT+0000 (Coordinated Universal Time),Tue Nov 05 2024 00:01:07 GMT+0000 (Coordinated Universal Time),https://uploads-ssl.webflow.com/5acfc48421e7a66153389c5f/657b7eb3c9a6d973ff460356_brush-line-15.png
Brush 16,brush-16,65c28f6b17c6d6d0d042a424,65c28f6b17c6d6d0d042b2bc,false,false,Thu Dec 14 2023 22:16:36 GMT+0000 (Coordinated Universal Time),Thu Dec 14 2023 22:16:36 GMT+0000 (Coordinated Universal Time),Tue Nov 05 2024 00:01:07 GMT+0000 (Coordinated Universal Time),https://uploads-ssl.webflow.com/5acfc48421e7a66153389c5f/657b7ec2964b88aef9fab125_brush-line-16.png
Brush 17,brush-17,65c28f6b17c6d6d0d042a424,65c28f6b17c6d6d0d042b2bd,false,false,Thu Dec 14 2023 22:16:46 GMT+0000 (Coordinated Universal Time),Thu Dec 14 2023 22:16:46 GMT+0000 (Coordinated Universal Time),Tue Nov 05 2024 00:01:07 GMT+0000 (Coordinated Universal Time),https://uploads-ssl.webflow.com/5acfc48421e7a66153389c5f/657b7ecc9827bd6f7903cc5b_brush-line-17.png
Brush 18,brush-18,65c28f6b17c6d6d0d042a424,65c28f6b17c6d6d0d042b2be,false,false,Thu Dec 14 2023 22:16:59 GMT+0000 (Coordinated Universal Time),Thu Dec 14 2023 22:16:59 GMT+0000 (Coordinated Universal Time),Tue Nov 05 2024 00:01:07 GMT+0000 (Coordinated Universal Time),https://uploads-ssl.webflow.com/5acfc48421e7a66153389c5f/657b7ed98fb23d78603f6829_brush-line-18.png
Brush 19,brush-19,65c28f6b17c6d6d0d042a424,65c28f6b17c6d6d0d042b2bf,false,false,Thu Dec 14 2023 22:17:13 GMT+0000 (Coordinated Universal Time),Thu Dec 14 2023 22:17:13 GMT+0000 (Coordinated Universal Time),Tue Nov 05 2024 00:01:07 GMT+0000 (Coordinated Universal Time),https://uploads-ssl.webflow.com/5acfc48421e7a66153389c5f/657b7ee6dda767de0ffcc190_brush-line-19.png
Brush 02,brush-2,65c28f6b17c6d6d0d042a424,65c28f6b17c6d6d0d042b2ad,false,false,Thu Dec 14 2023 22:12:35 GMT+0000 (Coordinated Universal Time),Thu Dec 14 2023 22:22:58 GMT+0000 (Coordinated Universal Time),Tue Nov 05 2024 00:01:07 GMT+0000 (Coordinated Universal Time),https://uploads-ssl.webflow.com/5acfc48421e7a66153389c5f/657b7dc879ff982361ff33eb_brush-line-2.png
Brush 20,brush-20,65c28f6b17c6d6d0d042a424,65c28f6b17c6d6d0d042b2c0,false,false,Thu Dec 14 2023 22:17:30 GMT+0000 (Coordinated Universal Time),Thu Dec 14 2023 22:17:30 GMT+0000 (Coordinated Universal Time),Tue Nov 05 2024 00:01:07 GMT+0000 (Coordinated Universal Time),https://uploads-ssl.webflow.com/5acfc48421e7a66153389c5f/657b7ef849541351efe2c138_brush-line-20.png
Brush 21,brush-21,65c28f6b17c6d6d0d042a424,65c28f6b17c6d6d0d042b2c1,false,false,Thu Dec 14 2023 22:17:42 GMT+0000 (Coordinated Universal Time),Thu Dec 14 2023 22:17:42 GMT+0000 (Coordinated Universal Time),Tue Nov 05 2024 00:01:07 GMT+0000 (Coordinated Universal Time),https://uploads-ssl.webflow.com/5acfc48421e7a66153389c5f/657b7f0449541351efe2c5cc_brush-line-21.png
Brush 22,brush-22,65c28f6b17c6d6d0d042a424,65c28f6b17c6d6d0d042b2c2,false,false,Thu Dec 14 2023 22:17:53 GMT+0000 (Coordinated Universal Time),Thu Dec 14 2023 22:17:53 GMT+0000 (Coordinated Universal Time),Tue Nov 05 2024 00:01:07 GMT+0000 (Coordinated Universal Time),https://uploads-ssl.webflow.com/5acfc48421e7a66153389c5f/657b7f10bf4ac210295ddc5c_brush-line-22.png
Brush 23,brush-23,65c28f6b17c6d6d0d042a424,65c28f6b17c6d6d0d042b2c3,false,false,Thu Dec 14 2023 22:18:06 GMT+0000 (Coordinated Universal Time),Thu Dec 14 2023 22:18:06 GMT+0000 (Coordinated Universal Time),Tue Nov 05 2024 00:01:07 GMT+0000 (Coordinated Universal Time),https://uploads-ssl.webflow.com/5acfc48421e7a66153389c5f/657b7f1ce91b078a0e751e68_brush-line-23.png
Brush 24,brush-24,65c28f6b17c6d6d0d042a424,65c28f6b17c6d6d0d042b2c4,false,false,Thu Dec 14 2023 22:18:33 GMT+0000 (Coordinated Universal Time),Thu Dec 14 2023 22:18:33 GMT+0000 (Coordinated Universal Time),Tue Nov 05 2024 00:01:07 GMT+0000 (Coordinated Universal Time),https://uploads-ssl.webflow.com/5acfc48421e7a66153389c5f/657b7f37213a7d9257a8315c_brush-line-24.png
Brush 25,brush-25,65c28f6b17c6d6d0d042a424,65c28f6b17c6d6d0d042b2c5,false,false,Thu Dec 14 2023 22:19:01 GMT+0000 (Coordinated Universal Time),Thu Dec 14 2023 22:19:01 GMT+0000 (Coordinated Universal Time),Tue Nov 05 2024 00:01:07 GMT+0000 (Coordinated Universal Time),https://uploads-ssl.webflow.com/5acfc48421e7a66153389c5f/657b7f467bea9cf65e44699b_brush-line-25.png
Brush 26,brush-26,65c28f6b17c6d6d0d042a424,65c28f6b17c6d6d0d042b2c6,false,false,Thu Dec 14 2023 22:19:13 GMT+0000 (Coordinated Universal Time),Thu Dec 14 2023 22:19:13 GMT+0000 (Coordinated Universal Time),Tue Nov 05 2024 00:01:07 GMT+0000 (Coordinated Universal Time),https://uploads-ssl.webflow.com/5acfc48421e7a66153389c5f/657b7f5f4a6794d80a0067c1_brush-line-26.png
Brush 27,brush-27,65c28f6b17c6d6d0d042a424,65c28f6b17c6d6d0d042b2c8,false,false,Thu Dec 14 2023 22:19:26 GMT+0000 (Coordinated Universal Time),Thu Dec 14 2023 22:19:26 GMT+0000 (Coordinated Universal Time),Tue Nov 05 2024 00:01:07 GMT+0000 (Coordinated Universal Time),https://uploads-ssl.webflow.com/5acfc48421e7a66153389c5f/657b7f6ceb8c63cf2ac1be9b_brush-line-27.png
Brush 28,brush-28,65c28f6b17c6d6d0d042a424,65c28f6b17c6d6d0d042b2c9,false,false,Thu Dec 14 2023 22:19:37 GMT+0000 (Coordinated Universal Time),Thu Dec 14 2023 22:19:37 GMT+0000 (Coordinated Universal Time),Tue Nov 05 2024 00:01:07 GMT+0000 (Coordinated Universal Time),https://uploads-ssl.webflow.com/5acfc48421e7a66153389c5f/657b7f77f4faf86a3c1539e7_brush-line-28.png
Brush 03,brush-3,65c28f6b17c6d6d0d042a424,65c28f6b17c6d6d0d042b2ae,false,false,Thu Dec 14 2023 22:12:50 GMT+0000 (Coordinated Universal Time),Thu Dec 14 2023 22:23:03 GMT+0000 (Coordinated Universal Time),Tue Nov 05 2024 00:01:07 GMT+0000 (Coordinated Universal Time),https://uploads-ssl.webflow.com/5acfc48421e7a66153389c5f/657b7ddf17b7150202838e1c_brush-line-3.png
Brush 04,brush-4,65c28f6b17c6d6d0d042a424,65c28f6b17c6d6d0d042b2af,false,false,Thu Dec 14 2023 22:13:13 GMT+0000 (Coordinated Universal Time),Thu Dec 14 2023 22:23:07 GMT+0000 (Coordinated Universal Time),Tue Nov 05 2024 00:01:07 GMT+0000 (Coordinated Universal Time),https://uploads-ssl.webflow.com/5acfc48421e7a66153389c5f/657b7df6037d43ffa4f31d53_brush-line-4.png
Brush 05,brush-5,65c28f6b17c6d6d0d042a424,65c28f6b17c6d6d0d042b2b0,false,false,Thu Dec 14 2023 22:13:40 GMT+0000 (Coordinated Universal Time),Thu Dec 14 2023 22:23:13 GMT+0000 (Coordinated Universal Time),Tue Nov 05 2024 00:01:07 GMT+0000 (Coordinated Universal Time),https://uploads-ssl.webflow.com/5acfc48421e7a66153389c5f/657b7e12f2deed9f962c8888_brush-line-5.png
Brush 06,brush-6,65c28f6b17c6d6d0d042a424,65c28f6b17c6d6d0d042b2b1,false,false,Thu Dec 14 2023 22:13:54 GMT+0000 (Coordinated Universal Time),Thu Dec 14 2023 22:23:19 GMT+0000 (Coordinated Universal Time),Tue Nov 05 2024 00:01:07 GMT+0000 (Coordinated Universal Time),https://uploads-ssl.webflow.com/5acfc48421e7a66153389c5f/657b7e20bf4ac210295d6811_brush-line-6.png
Brush 07,brush-7,65c28f6b17c6d6d0d042a424,65c28f6b17c6d6d0d042b2b2,false,false,Thu Dec 14 2023 22:14:07 GMT+0000 (Coordinated Universal Time),Thu Dec 14 2023 22:23:44 GMT+0000 (Coordinated Universal Time),Tue Nov 05 2024 00:01:07 GMT+0000 (Coordinated Universal Time),https://uploads-ssl.webflow.com/5acfc48421e7a66153389c5f/657b7e2b183c94d7ce003f5d_brush-line-7.png
Brush 08,brush-8,65c28f6b17c6d6d0d042a424,65c28f6b17c6d6d0d042b2b3,false,false,Thu Dec 14 2023 22:14:20 GMT+0000 (Coordinated Universal Time),Thu Dec 14 2023 22:23:51 GMT+0000 (Coordinated Universal Time),Tue Nov 05 2024 00:01:07 GMT+0000 (Coordinated Universal Time),https://uploads-ssl.webflow.com/5acfc48421e7a66153389c5f/657b7e3a09276b3356e2319e_brush-line-8.png
Brush 09,brush-9,65c28f6b17c6d6d0d042a424,65c28f6b17c6d6d0d042b2b4,false,false,Thu Dec 14 2023 22:14:39 GMT+0000 (Coordinated Universal Time),Thu Dec 14 2023 22:23:58 GMT+0000 (Coordinated Universal Time),Tue Nov 05 2024 00:01:07 GMT+0000 (Coordinated Universal Time),https://uploads-ssl.webflow.com/5acfc48421e7a66153389c5f/657b7e4d83ba841bf64a8837_brush-line-9.png
